i,t,ball_found,ball_x,ball_y,vx,vy,paddle_cx,target,key
0,0.0,1,481,380,0.0,0.0,479,,
1,0.137,1,618,196,998.2,-1340.7,479,618,right
2,0.182,0,,,0.0,0.0,490,618,right
3,0.216,0,,,0.0,0.0,504,618,right
4,0.248,1,519,783,0.0,0.0,524,618,right
5,0.282,1,537,783,541.2,0.0,542,537,
6,0.335,1,545,783,285.7,0.0,550,545,
7,0.367,0,,,0.0,0.0,550,545,
8,0.399,0,,,0.0,0.0,550,545,
9,0.43,0,,,0.0,0.0,550,545,
10,0.448,0,,,0.0,0.0,550,,
11,0.48,1,618,196,0.0,0.0,550,,
12,0.5,0,,,0.0,0.0,547,,
13,0.532,0,,,0.0,0.0,547,,
14,0.565,1,509,617,0.0,0.0,547,,
15,0.598,1,506,615,-91.8,-61.2,547,506,left
16,0.644,1,509,612,0.0,0.0,547,506,left
17,0.666,1,506,612,-138.6,0.0,547,506,left
18,0.699,1,565,754,0.0,0.0,547,506,left
19,0.732,1,561,754,-119.6,0.0,547,561,right
20,0.798,0,,,0.0,0.0,547,561,right
21,0.832,1,563,754,0.0,0.0,547,561,right
22,0.863,1,585,694,703.1,-1917.5,547,585,right
23,0.881,1,565,756,0.0,0.0,547,585,right
24,0.915,1,567,756,58.6,0.0,547,585,right
25,0.948,1,569,758,59.9,29.7,547,585,right
26,0.981,0,,,0.0,0.0,547,,
27,1.029,1,573,760,0.0,0.0,547,,
28,1.048,0,,,0.0,0.0,547,,
29,1.081,0,,,0.0,0.0,547,,
30,1.098,0,,,0.0,0.0,547,,
31,1.131,1,618,196,0.0,0.0,547,,
32,1.164,0,,,0.0,0.0,547,,
33,1.197,0,,,0.0,0.0,547,,
34,1.213,0,,,0.0,0.0,547,,
35,1.23,0,,,0.0,0.0,547,,
36,1.248,0,,,0.0,0.0,547,,
37,1.281,1,607,706,0.0,0.0,547,,
38,1.315,0,,,0.0,0.0,547,,
39,1.348,0,,,0.0,0.0,547,,
40,1.38,0,,,0.0,0.0,547,,
41,1.399,0,,,0.0,0.0,547,,
42,1.431,0,,,0.0,0.0,547,,
43,1.465,1,618,196,0.0,0.0,547,,
44,1.498,0,,,0.0,0.0,547,,
45,1.532,0,,,0.0,0.0,547,,
46,1.565,0,,,0.0,0.0,547,,
47,1.6,0,,,0.0,0.0,547,,
48,1.632,1,618,196,0.0,0.0,547,,
49,1.667,0,,,0.0,0.0,547,,
50,1.7,0,,,0.0,0.0,547,,
51,1.732,0,,,0.0,0.0,547,,
52,1.767,0,,,0.0,0.0,547,,
53,1.8,1,618,196,0.0,0.0,547,,
54,1.833,0,,,0.0,0.0,547,,
55,1.865,0,,,0.0,0.0,547,,
56,1.899,1,569,758,0.0,0.0,547,,
57,1.932,1,567,756,-61.2,-61.2,547,567,right
58,1.986,0,,,0.0,0.0,547,567,right
59,2.017,0,,,0.0,0.0,547,567,right
60,2.048,0,,,0.0,0.0,547,567,right
61,2.082,1,611,636,0.0,0.0,547,,
62,2.129,1,575,726,-762.7,1906.8,547,554,
63,2.148,0,,,0.0,0.0,547,554,
64,2.181,1,561,754,0.0,0.0,547,554,
65,2.215,1,559,754,-59.8,0.0,547,554,
66,2.25,1,557,752,-58.3,-29.4,547,,
67,2.283,1,553,752,-76.3,-23.7,547,,
68,2.316,0,,,0.0,0.0,547,,
69,2.349,1,549,752,0.0,0.0,547,,
70,2.381,1,547,752,-61.4,0.0,547,,
71,2.416,1,545,752,-59.5,0.0,547,,
72,2.45,0,,,0.0,0.0,547,,
73,2.481,0,,,0.0,0.0,547,,
74,2.516,1,551,781,0.0,0.0,548,,
75,2.548,1,541,772,-310.2,-279.2,548,541,
76,2.584,1,562,781,0.0,0.0,548,541,
77,2.614,1,567,755,166.7,-866.6,548,567,right
78,2.668,1,567,710,52.5,-844.6,552,567,right
79,2.699,1,546,678,-114.9,-884.7,560,546,left
80,2.767,1,518,656,-341.6,-654.5,573,518,left
81,2.798,1,518,640,-383.4,-491.5,561,518,left
82,2.833,1,517,648,-221.8,-257.1,545,517,left
83,2.865,1,527,639,78.3,-128.6,527,527,
84,2.91,1,546,622,262.1,-179.4,507,546,right
85,2.944,1,544,604,0.0,0.0,489,546,right
86,2.964,1,555,581,537.8,-1124.4,500,555,right
87,2.98,1,555,575,309.2,-802.9,502,555,right
88,3.0,1,555,540,182.4,-1078.1,518,555,right
89,3.032,1,536,506,-282.8,-1177.9,534,536,
90,3.087,1,518,480,-375.3,-851.1,564,518,left
91,3.131,1,506,468,-363.6,-529.5,559,506,left
92,3.166,1,507,474,-228.0,-254.3,553,507,left
93,3.198,1,517,467,-15.0,-91.9,553,517,left
94,3.232,1,534,446,278.8,-215.2,553,534,left
95,3.265,1,534,430,298.1,-466.1,553,534,left
96,3.298,1,543,399,234.4,-661.1,549,543,
97,3.35,1,524,340,0.0,0.0,529,543,right
98,3.393,1,524,322,0.0,-411.5,527,524,
99,3.438,1,506,300,-205.1,-455.0,546,506,left
100,3.482,1,495,310,-238.9,-254.6,539,495,left
101,3.514,1,507,299,0.0,0.0,525,495,left
102,3.548,1,505,283,-59.7,-477.2,509,505,
103,3.602,1,522,258,0.0,0.0,483,505,right
104,3.636,1,533,227,329.1,-927.5,486,533,right
105,3.666,1,533,192,175.3,-1033.8,496,533,right
106,3.699,1,514,160,-74.9,-1024.0,512,514,
107,3.745,1,496,142,-365.4,-775.6,534,496,left
108,3.78,1,524,153,0.0,0.0,542,496,left
109,3.799,1,526,180,101.7,1372.8,529,570,right
110,3.857,1,523,230,0.0,0.0,507,570,right
111,3.881,1,511,257,-503.7,1133.4,524,279,left
112,3.956,1,479,277,-442.9,427.6,539,429,left
113,3.983,1,475,278,-394.8,351.4,531,476,left
114,4.015,1,475,294,-287.5,259.7,515,450,left
115,4.048,1,492,296,132.5,238.5,495,759,right
116,4.111,1,516,336,342.6,436.1,465,684,right
117,4.132,1,516,352,361.2,519.3,480,735,right
118,4.165,1,513,396,197.0,820.8,498,604,right
119,4.198,1,501,421,-169.6,1017.5,514,441,left
120,4.275,1,480,454,-262.6,670.8,548,353,left
121,4.299,1,467,459,-324.9,463.3,531,243,left
122,4.331,1,465,458,-287.5,302.1,515,229,left
123,4.366,1,482,460,0.0,0.0,497,229,left
124,4.399,1,498,478,494.3,556.1,477,764,right
125,4.463,1,506,518,230.5,602.5,441,605,right
126,4.48,1,504,524,0.0,0.0,450,605,right
127,4.498,1,503,566,-56.3,2366.4,460,497,right
128,4.533,1,489,593,-303.1,1246.3,476,444,left
129,4.596,1,468,620,-328.0,751.8,504,399,left
130,4.615,1,457,623,-378.3,480.8,491,335,left
131,4.648,1,453,624,-325.5,283.2,477,276,left
132,4.681,1,453,640,-157.9,214.9,461,351,left
133,4.715,1,470,642,118.1,219.8,443,543,right
134,4.782,1,494,690,329.5,481.1,422,554,right
135,4.814,1,493,732,312.2,693.1,432,513,right
136,4.848,1,491,748,166.1,828.5,448,497,right
137,4.881,1,479,775,-143.1,820.2,468,478,
138,4.926,1,469,768,-229.6,352.2,490,462,left
139,4.969,1,459,783,-257.5,231.1,495,464,left
140,4.999,1,451,779,-235.5,69.1,496,454,left
141,5.031,1,466,758,0.0,0.0,478,454,left
142,5.065,1,484,740,539.7,-539.7,456,484,right
143,5.124,1,498,726,333.1,-333.1,428,498,right
144,5.149,1,499,734,275.7,-216.9,436,499,right
145,5.182,1,503,716,161.8,-174.2,452,503,right
146,5.215,1,493,707,0.0,0.0,472,503,right
147,5.247,1,476,698,-531.6,-281.4,482,476,
148,5.278,1,478,680,0.0,0.0,502,476,left
149,5.31,1,469,651,-274.7,-885.2,512,469,left
150,5.331,1,471,616,0.0,0.0,497,469,left
151,5.366,1,492,584,596.8,-909.3,483,492,
152,5.42,1,512,558,452.7,-636.9,455,512,right
153,5.464,1,526,546,405.0,-514.5,460,526,right
154,5.498,1,527,552,277.1,-259.0,470,527,right
155,5.532,1,519,545,66.9,-92.4,488,519,right
156,5.565,1,502,526,-235.4,-196.6,506,502,
157,5.618,1,495,485,-281.4,-575.3,538,495,left
158,5.662,1,495,452,-173.2,-730.9,548,495,left
159,5.68,1,497,444,-46.3,-728.0,537,497,left
160,5.698,1,518,410,226.0,-862.1,525,518,
161,5.749,1,538,384,519.2,-802.9,503,538,right
162,5.793,1,552,380,453.9,-519.0,501,552,right
163,5.815,1,553,386,312.4,-216.6,518,553,right
164,5.847,1,555,370,173.3,-116.4,534,555,right
165,5.882,1,547,359,0.0,0.0,554,555,
166,5.936,1,532,334,-273.2,-455.3,580,532,left
167,5.98,1,523,305,-243.9,-542.3,588,523,left
168,5.997,1,523,270,-215.3,-708.9,573,523,left
169,6.032,1,546,238,125.2,-1034.6,559,546,left
170,6.066,1,564,222,513.0,-924.5,541,564,right
171,6.124,1,578,206,428.0,-484.5,513,578,right
172,6.148,1,539,236,0.0,0.0,530,578,right
173,6.181,1,535,252,-120.0,480.2,544,403,left
174,6.246,1,562,286,0.0,0.0,568,403,left
175,6.264,1,560,302,-107.7,861.4,555,500,left
176,6.299,1,569,307,0.0,0.0,539,500,left
177,6.332,1,567,308,-61.7,30.8,519,500,left
178,6.365,1,546,310,-350.4,45.6,499,422,left
179,6.398,1,528,328,-437.1,197.1,479,688,right
180,6.475,1,512,346,-370.0,282.5,433,443,
181,6.519,1,509,346,-230.3,229.8,454,314,left
182,6.564,1,536,330,0.0,0.0,445,314,left
183,6.598,1,534,310,-58.6,-586.3,433,534,right
184,6.674,1,541,246,0.0,0.0,407,534,right
185,6.698,1,520,214,-840.8,-1281.3,424,520,right
186,6.732,1,500,196,-701.1,-844.8,442,500,right
187,6.764,1,498,178,-480.8,-718.6,460,498,right
188,6.799,1,486,174,-311.8,-412.3,482,486,
189,6.839,1,485,182,-158.4,-120.8,504,485,left
190,6.883,1,493,165,-34.1,-81.3,513,493,left
191,6.916,1,486,172,0.0,0.0,503,493,
192,6.96,1,473,179,-295.9,159.3,485,518,right
193,6.983,1,469,178,-260.8,99.5,490,335,left
194,7.049,1,482,196,0.0,0.0,501,335,left
195,7.083,1,496,216,417.1,595.9,491,658,right
196,7.159,1,499,286,134.7,834.6,465,578,right
197,7.181,1,497,304,0.0,0.0,482,578,right
198,7.214,1,481,329,-488.4,763.2,498,196,left
199,7.291,1,447,351,-452.8,402.5,528,423,left
200,7.314,1,441,352,-426.7,345.5,511,474,left
201,7.348,1,439,368,-332.2,276.5,496,443,left
202,7.381,1,456,370,0.0,0.0,481,443,left
203,7.413,1,470,380,439.4,313.8,473,520,right
204,7.457,1,476,418,257.6,650.4,445,618,right
205,7.481,1,473,460,0.0,0.0,462,618,right
206,7.513,1,471,466,-61.4,184.1,468,367,left
207,7.566,1,436,510,-454.0,607.5,483,235,left
208,7.598,1,421,517,-478.9,543.2,471,199,left
209,7.638,1,419,529,-432.1,498.8,459,203,left
210,7.669,1,415,530,-185.2,209.3,441,195,left
211,7.699,1,430,536,0.0,0.0,415,195,left
212,7.73,1,428,544,-65.1,260.4,403,369,left
213,7.747,1,442,562,0.0,0.0,379,369,
214,7.787,1,450,592,202.2,758.4,353,499,right
215,7.83,1,445,634,0.0,0.0,337,499,right
216,7.849,1,443,648,-108.2,757.3,348,424,right
217,7.885,1,429,677,-308.3,795.9,366,389,right
218,7.916,1,408,692,-436.2,691.4,380,353,left
219,7.985,1,389,698,-404.0,344.3,401,295,left